{
  "Ansi 6 Color" : {
    "Green Component" : 0.57082360982894897,
    "Red Component" : 0.14679534733295441,
    "Blue Component" : 0.52502274513244629
  },
  "Ansi 12 Color" : {
    "Green Component" : 0.50962930917739868,
    "Red Component" : 0.44058024883270264,
    "Blue Component" : 0.51685798168182373
  },
  "Tags" : [

  ],
  "Use Non-ASCII Font" : false,
  "Normal Font" : "Input-Regular 11",
  "Bold Color" : {
    "Green Component" : 0.56485837697982788,
    "Red Component" : 0.50599193572998047,
    "Blue Component" : 0.56363654136657715
  },
  "Ansi 3 Color" : {
    "Green Component" : 0.46751424670219421,
    "Red Component" : 0.64746475219726562,
    "Blue Component" : 0.023484811186790466
  },
  "Ansi 4 Color" : {
    "Green Component" : 0.46265947818756104,
    "Red Component" : 0.12754884362220764,
    "Blue Component" : 0.78231418132781982
  },
  "Ansi 5 Color" : {
    "Green Component" : 0.10802463442087173,
    "Red Component" : 0.77738940715789795,
    "Blue Component" : 0.43516635894775391
  },
  "Default Bookmark" : "No",
  "Rows" : 25,
  "Cursor Guide Color" : {
    "Red Component" : 0.65000000000000002,
    "Color Space" : "Calibrated",
    "Blue Component" : 1,
    "Alpha Component" : 0.25,
    "Green Component" : 0.91000000000000003
  },
  "Non-ASCII Anti Aliased" : true,
  "Use Bright Bold" : true,
  "Ansi 10 Color" : {
    "Green Component" : 0.35665956139564514,
    "Red Component" : 0.27671992778778076,
    "Blue Component" : 0.38298487663269043
  },
  "Ambiguous Double Width" : false,
  "Jobs to Ignore" : [
    "rlogin",
    "ssh",
    "slogin",
    "telnet"
  ],
  "Ansi 15 Color" : {
    "Green Component" : 0.95794391632080078,
    "Red Component" : 0.98943418264389038,
    "Blue Component" : 0.86405980587005615
  },
  "Foreground Color" : {
    "Green Component" : 0.50962930917739868,
    "Red Component" : 0.44058024883270264,
    "Blue Component" : 0.51685798168182373
  },
  "Working Directory" : "\/Users\/arvidgerstmann",
  "Blinking Cursor" : false,
  "Disable Window Resizing" : true,
  "Prompt Before Closing 2" : 2,
  "Description" : "Default",
  "BM Growl" : true,
  "Command" : "",
  "Mouse Reporting" : true,
  "Sync Title" : false,
  "Screen" : -1,
  "Selection Color" : {
    "Green Component" : 0.15575926005840302,
    "Red Component" : 0,
    "Blue Component" : 0.19370138645172119
  },
  "Columns" : 80,
  "Idle Code" : 0,
  "Ansi 13 Color" : {
    "Green Component" : 0.33896297216415405,
    "Red Component" : 0.34798634052276611,
    "Blue Component" : 0.72908437252044678
  },
  "Custom Command" : "No",
  "ASCII Anti Aliased" : true,
  "Non Ascii Font" : "Monaco 12",
  "Background Color" : {
    "Green Component" : 0.11783610284328461,
    "Red Component" : 0,
    "Blue Component" : 0.15170273184776306
  },
  "Use Bold Font" : true,
  "Option Key Sends" : 0,
  "Selected Text Color" : {
    "Green Component" : 0.56485837697982788,
    "Red Component" : 0.50599193572998047,
    "Blue Component" : 0.56363654136657715
  },
  "Vertical Spacing" : 1.0167309864457832,
  "Character Encoding" : 4,
  "Ansi 11 Color" : {
    "Green Component" : 0.40717673301696777,
    "Red Component" : 0.32436618208885193,
    "Blue Component" : 0.43850564956665039
  },
  "Thin Strokes" : 0,
  "Use Italic Font" : true,
  "Unlimited Scrollback" : false,
  "Keyboard Map" : {
    "0xf700-0x260000" : {
      "Text" : "[1;6A",
      "Action" : 10
    },
    "0x37-0x40000" : {
      "Text" : "0x1f",
      "Action" : 11
    },
    "0x32-0x40000" : {
      "Text" : "0x00",
      "Action" : 11
    },
    "0xf709-0x20000" : {
      "Text" : "[17;2~",
      "Action" : 10
    },
    "0xf70c-0x20000" : {
      "Text" : "[20;2~",
      "Action" : 10
    },
    "0xf729-0x20000" : {
      "Text" : "[1;2H",
      "Action" : 10
    },
    "0xf72b-0x40000" : {
      "Text" : "[1;5F",
      "Action" : 10
    },
    "0xf705-0x20000" : {
      "Text" : "[1;2Q",
      "Action" : 10
    },
    "0xf703-0x260000" : {
      "Text" : "[1;6C",
      "Action" : 10
    },
    "0xf700-0x220000" : {
      "Text" : "[1;2A",
      "Action" : 10
    },
    "0xf701-0x280000" : {
      "Text" : "0x1b 0x1b 0x5b 0x42",
      "Action" : 11
    },
    "0x38-0x40000" : {
      "Text" : "0x7f",
      "Action" : 11
    },
    "0x33-0x40000" : {
      "Text" : "0x1b",
      "Action" : 11
    },
    "0xf703-0x220000" : {
      "Text" : "[1;2C",
      "Action" : 10
    },
    "0xf701-0x240000" : {
      "Text" : "[1;5B",
      "Action" : 10
    },
    "0xf70d-0x20000" : {
      "Text" : "[21;2~",
      "Action" : 10
    },
    "0xf702-0x260000" : {
      "Text" : "[1;6D",
      "Action" : 10
    },
    "0xf729-0x40000" : {
      "Text" : "[1;5H",
      "Action" : 10
    },
    "0xf706-0x20000" : {
      "Text" : "[1;2R",
      "Action" : 10
    },
    "0x34-0x40000" : {
      "Text" : "0x1c",
      "Action" : 11
    },
    "0xf700-0x280000" : {
      "Text" : "0x1b 0x1b 0x5b 0x41",
      "Action" : 11
    },
    "0x2d-0x40000" : {
      "Text" : "0x1f",
      "Action" : 11
    },
    "0xf70e-0x20000" : {
      "Text" : "[23;2~",
      "Action" : 10
    },
    "0xf702-0x220000" : {
      "Text" : "[1;2D",
      "Action" : 10
    },
    "0xf703-0x280000" : {
      "Text" : "0x1b 0x1b 0x5b 0x43",
      "Action" : 11
    },
    "0xf700-0x240000" : {
      "Text" : "[1;5A",
      "Action" : 10
    },
    "0xf707-0x20000" : {
      "Text" : "[1;2S",
      "Action" : 10
    },
    "0xf70a-0x20000" : {
      "Text" : "[18;2~",
      "Action" : 10
    },
    "0x35-0x40000" : {
      "Text" : "0x1d",
      "Action" : 11
    },
    "0xf70f-0x20000" : {
      "Text" : "[24;2~",
      "Action" : 10
    },
    "0xf703-0x240000" : {
      "Text" : "[1;5C",
      "Action" : 10
    },
    "0xf701-0x260000" : {
      "Text" : "[1;6B",
      "Action" : 10
    },
    "0xf702-0x280000" : {
      "Text" : "0x1b 0x1b 0x5b 0x44",
      "Action" : 11
    },
    "0xf72b-0x20000" : {
      "Text" : "[1;2F",
      "Action" : 10
    },
    "0x36-0x40000" : {
      "Text" : "0x1e",
      "Action" : 11
    },
    "0xf708-0x20000" : {
      "Text" : "[15;2~",
      "Action" : 10
    },
    "0xf701-0x220000" : {
      "Text" : "[1;2B",
      "Action" : 10
    },
    "0xf70b-0x20000" : {
      "Text" : "[19;2~",
      "Action" : 10
    },
    "0xf702-0x240000" : {
      "Text" : "[1;5D",
      "Action" : 10
    },
    "0xf704-0x20000" : {
      "Text" : "[1;2P",
      "Action" : 10
    }
  },
  "Window Type" : 0,
  "Background Image Location" : "",
  "Blur" : false,
  "Badge Color" : {
    "Red Component" : 1,
    "Color Space" : "Calibrated",
    "Blue Component" : 0,
    "Alpha Component" : 0.5,
    "Green Component" : 0
  },
  "Scrollback Lines" : 1000,
  "Send Code When Idle" : false,
  "Close Sessions On End" : true,
  "Scrollback in Alternate Screen" : false,
  "Terminal Type" : "xterm-256color",
  "Flashing Bell" : false,
  "Visual Bell" : true,
  "Silence Bell" : false,
  "Ansi 14 Color" : {
    "Green Component" : 0.56485837697982788,
    "Red Component" : 0.50599193572998047,
    "Blue Component" : 0.56363654136657715
  },
  "Name" : "ArvidGerstmann",
  "Cursor Text Color" : {
    "Green Component" : 0.15575926005840302,
    "Red Component" : 0,
    "Blue Component" : 0.19370138645172119
  },
  "Shortcut" : "",
  "Cursor Color" : {
    "Green Component" : 0.50962930917739868,
    "Red Component" : 0.44058024883270264,
    "Blue Component" : 0.51685798168182373
  },
  "Transparency" : 0,
  "Ansi 1 Color" : {
    "Green Component" : 0.10840655118227005,
    "Red Component" : 0.81926977634429932,
    "Blue Component" : 0.14145714044570923
  },
  "Ansi 2 Color" : {
    "Green Component" : 0.54115492105484009,
    "Red Component" : 0.44977453351020813,
    "Blue Component" : 0.020208755508065224
  },
  "Custom Directory" : "No",
  "Ansi 0 Color" : {
    "Green Component" : 0.15575926005840302,
    "Red Component" : 0,
    "Blue Component" : 0.19370138645172119
  },