{
  "Ansi 6 Color" : {
    "Green Component" : 0.570823609828949,
    "Red Component" : 0.1467953473329544,
    "Blue Component" : 0.5250227451324463
  },
  "Ansi 12 Color" : {
    "Green Component" : 0.5096293091773987,
    "Red Component" : 0.4405802488327026,
    "Blue Component" : 0.5168579816818237
  },
  "Tags" : [

  ],
  "Use Non-ASCII Font" : false,
  "Normal Font" : "MenloForPowerline-Regular 12",
  "Bold Color" : {
    "Green Component" : 0.5648583769798279,
    "Red Component" : 0.5059919357299805,
    "Blue Component" : 0.5636365413665771
  },
  "Ansi 3 Color" : {
    "Green Component" : 0.4675142467021942,
    "Red Component" : 0.6474647521972656,
    "Blue Component" : 0.02348481118679047
  },
  "Ansi 4 Color" : {
    "Green Component" : 0.462659478187561,
    "Red Component" : 0.1275488436222076,
    "Blue Component" : 0.7823141813278198
  },
  "Ansi 5 Color" : {
    "Green Component" : 0.1080246344208717,
    "Red Component" : 0.7773894071578979,
    "Blue Component" : 0.4351663589477539
  },
  "Default Bookmark" : "No",
  "Rows" : 25,
  "Cursor Guide Color" : {
    "Red Component" : 0.65,
    "Color Space" : "Calibrated",
    "Blue Component" : 1,
    "Alpha Component" : 0.25,
    "Green Component" : 0.91
  },
  "Non-ASCII Anti Aliased" : true,
  "Use Bright Bold" : true,
  "Ansi 10 Color" : {
    "Green Component" : 0.3566595613956451,
    "Red Component" : 0.2767199277877808,
    "Blue Component" : 0.3829848766326904
  },
  "Ambiguous Double Width" : false,
  "Jobs to Ignore" : [
    "rlogin",
    "ssh",
    "slogin",
    "telnet"
  ],
  "Ansi 15 Color" : {
    "Green Component" : 0.9579439163208008,
    "Red Component" : 0.9894341826438904,
    "Blue Component" : 0.8640598058700562
  },
  "Foreground Color" : {
    "Green Component" : 0.5096293091773987,
    "Red Component" : 0.4405802488327026,
    "Blue Component" : 0.5168579816818237
  },
  "Working Directory" : "\/Users\/arvidgerstmann",
  "Blinking Cursor" : false,
  "Disable Window Resizing" : true,
  "Prompt Before Closing 2" : 2,
  "Description" : "Default",
  "BM Growl" : true,
  "Command" : "",
  "Mouse Reporting" : true,
  "Sync Title" : false,
  "Screen" : -1,
  "Selection Color" : {
    "Green Component" : 0.155759260058403,
    "Red Component" : 0,
    "Blue Component" : 0.1937013864517212
  },
  "Columns" : 80,
  "Idle Code" : 0,
  "Ansi 13 Color" : {
    "Green Component" : 0.3389629721641541,
    "Red Component" : 0.3479863405227661,
    "Blue Component" : 0.7290843725204468
  },
  "Custom Command" : "No",
  "ASCII Anti Aliased" : true,
  "Non Ascii Font" : "Monaco 12",
  "Background Color" : {
    "Green Component" : 0.1178361028432846,
    "Red Component" : 0,
    "Blue Component" : 0.1517027318477631
  },
  "Use Bold Font" : true,
  "Option Key Sends" : 0,
  "Selected Text Color" : {
    "Green Component" : 0.5648583769798279,
    "Red Component" : 0.5059919357299805,
    "Blue Component" : 0.5636365413665771
  },
  "Vertical Spacing" : 1,
  "Character Encoding" : 4,
  "Ansi 11 Color" : {
    "Green Component" : 0.4071767330169678,
    "Red Component" : 0.3243661820888519,
    "Blue Component" : 0.4385056495666504
  },
  "Use Italic Font" : true,
  "Unlimited Scrollback" : false,
  "Keyboard Map" : {
    "0xf700-0x260000" : {
      "Text" : "[1;6A",
      "Action" : 10
    },
    "0x37-0x40000" : {
      "Text" : "0x1f",
      "Action" : 11
    },
    "0x32-0x40000" : {
      "Text" : "0x00",
      "Action" : 11
    },
    "0xf709-0x20000" : {
      "Text" : "[17;2~",
      "Action" : 10
    },
    "0xf70c-0x20000" : {
      "Text" : "[20;2~",
      "Action" : 10
    },
    "0xf729-0x20000" : {
      "Text" : "[1;2H",
      "Action" : 10
    },
    "0xf72b-0x40000" : {
      "Text" : "[1;5F",
      "Action" : 10
    },
    "0xf705-0x20000" : {
      "Text" : "[1;2Q",
      "Action" : 10
    },
    "0xf703-0x260000" : {
      "Text" : "[1;6C",
      "Action" : 10
    },
    "0xf700-0x220000" : {
      "Text" : "[1;2A",
      "Action" : 10
    },
    "0xf701-0x280000" : {
      "Text" : "0x1b 0x1b 0x5b 0x42",
      "Action" : 11
    },
    "0x38-0x40000" : {
      "Text" : "0x7f",
      "Action" : 11
    },
    "0x33-0x40000" : {
      "Text" : "0x1b",
      "Action" : 11
    },
    "0xf703-0x220000" : {
      "Text" : "[1;2C",
      "Action" : 10
    },
    "0xf701-0x240000" : {
      "Text" : "[1;5B",
      "Action" : 10
    },
    "0xf70d-0x20000" : {
      "Text" : "[21;2~",
      "Action" : 10
    },
    "0xf702-0x260000" : {
      "Text" : "[1;6D",
      "Action" : 10
    },
    "0xf729-0x40000" : {
      "Text" : "[1;5H",
      "Action" : 10
    },
    "0xf706-0x20000" : {
      "Text" : "[1;2R",
      "Action" : 10
    },
    "0x34-0x40000" : {
      "Text" : "0x1c",
      "Action" : 11
    },
    "0xf700-0x280000" : {
      "Text" : "0x1b 0x1b 0x5b 0x41",
      "Action" : 11
    },
    "0x2d-0x40000" : {
      "Text" : "0x1f",
      "Action" : 11
    },
    "0xf70e-0x20000" : {
      "Text" : "[23;2~",
      "Action" : 10
    },
    "0xf702-0x220000" : {
      "Text" : "[1;2D",
      "Action" : 10
    },
    "0xf703-0x280000" : {
      "Text" : "0x1b 0x1b 0x5b 0x43",
      "Action" : 11
    },
    "0xf700-0x240000" : {
      "Text" : "[1;5A",
      "Action" : 10
    },
    "0xf707-0x20000" : {
      "Text" : "[1;2S",
      "Action" : 10
    },
    "0xf70a-0x20000" : {
      "Text" : "[18;2~",
      "Action" : 10
    },
    "0x35-0x40000" : {
      "Text" : "0x1d",
      "Action" : 11
    },
    "0xf70f-0x20000" : {
      "Text" : "[24;2~",
      "Action" : 10
    },
    "0xf703-0x240000" : {
      "Text" : "[1;5C",
      "Action" : 10
    },
    "0xf701-0x260000" : {
      "Text" : "[1;6B",
      "Action" : 10
    },
    "0xf702-0x280000" : {
      "Text" : "0x1b 0x1b 0x5b 0x44",
      "Action" : 11
    },
    "0xf72b-0x20000" : {
      "Text" : "[1;2F",
      "Action" : 10
    },
    "0x36-0x40000" : {
      "Text" : "0x1e",
      "Action" : 11
    },
    "0xf708-0x20000" : {
      "Text" : "[15;2~",
      "Action" : 10
    },
    "0xf701-0x220000" : {
      "Text" : "[1;2B",
      "Action" : 10
    },
    "0xf70b-0x20000" : {
      "Text" : "[19;2~",
      "Action" : 10
    },
    "0xf702-0x240000" : {
      "Text" : "[1;5D",
      "Action" : 10
    },
    "0xf704-0x20000" : {
      "Text" : "[1;2P",
      "Action" : 10
    }
  },
  "Window Type" : 0,
  "Background Image Location" : "",
  "Blur" : false,
  "Badge Color" : {
    "Red Component" : 1,
    "Color Space" : "Calibrated",
    "Blue Component" : 0,
    "Alpha Component" : 0.5,
    "Green Component" : 0
  },
  "Scrollback Lines" : 1000,
  "Send Code When Idle" : false,
  "Close Sessions On End" : true,
  "Terminal Type" : "xterm-256color",
  "Visual Bell" : true,
  "Flashing Bell" : false,
  "Silence Bell" : false,
  "Ansi 14 Color" : {
    "Green Component" : 0.5648583769798279,
    "Red Component" : 0.5059919357299805,
    "Blue Component" : 0.5636365413665771
  },
  "Name" : "ArvidGerstmann",
  "Cursor Text Color" : {
    "Green Component" : 0.155759260058403,
    "Red Component" : 0,
    "Blue Component" : 0.1937013864517212
  },
  "Shortcut" : "",
  "Cursor Color" : {
    "Green Component" : 0.5096293091773987,
    "Red Component" : 0.4405802488327026,
    "Blue Component" : 0.5168579816818237
  },
  "Transparency" : 0,
  "Ansi 1 Color" : {
    "Green Component" : 0.1084065511822701,
    "Red Component" : 0.8192697763442993,
    "Blue Component" : 0.1414571404457092
  },
  "Ansi 2 Color" : {
    "Green Component" : 0.5411549210548401,
    "Red Component" : 0.4497745335102081,
    "Blue Component" : 0.02020875550806522
  },
  "Custom Directory" : "No",
  "Ansi 0 Color" : {
    "Green Component" : 0.155759260058403,
    "Red Component" : 0,
    "Blue Component" : 0.1937013864517212
  },
  "Guid" : "4F609726-1CFF-4ECD-BA6A-9EF91E04BD60",
  "Link Color" : {
    "Red Component" : 0.023,
    "Color Space" : "Calibrated",
    "Blue Component" : 0.678,
    "Alpha Component" : 1,